[
  {
    "county_code": 1,
    "county_name": "Mombasa",
    "constituencies": [
      {
        "constituency_name": "Changamwe",
        "wards": [
          "Port Reitz",
          "Kipevu",
          "Airport",
          "Miritini",
          "Chaani"
        ]
      },
      {
        "constituency_name": "Jomvu",
        "wards": [
          "Jomvu Kuu",
          "Magongo",
          "Mikindani"
        ]
      },
      {
        "constituency_name": "Kisauni",
        "wards": [
          "Mjambere",
          "Junda",
          "Bamburi",
          "Mwakirunge",
          "Mtopanga",
          "Magogoni",
          "Shanzu"
        ]
      },
      {
        "constituency_name": "Likoni",
        "wards": [
          "Mtongwe",
          "Shika adabu",
          "Bofu",
          "Likoni",
          "Timbwani"
        ]
      },
      {
        "constituency_name": "Mvita",
        "wards": [
          "Mji wa Kale/Makadara",
          "Tudor",
          "Tononoka",
          "Ganjoni/Shimanzi",
          "Majengo"
        ]
      },
      {
        "constituency_name": "Nyali",
        "wards": [
          "Frere Town",
          "Ziwa la Ng'ombe",
          "Mkomani",
          "Kongowea",
          "Ziwani/Kadzandani"
        ]
      }
    ]
  },
  {
    "county_code": 2,
    "county_name": "Kwale",
    "constituencies": [
      {
        "constituency_name": "Kinango",
        "wards": [
          "Ndavaya",
          "Puma",
          "Kinango",
          "Chengoni/Samburu",
          "Mackinon Road",
          "Mwavumbo",
          "Kasemeni"
        ]
      },
      {
        "constituency_name": "Lunga Lunga",
        "wards": [
          "Pongwe/Kikoneni",
          "Dzombo",
          "Vanga",
          " Mwereni"
        ]
      },
      {
        "constituency_name": "Msambweni",
        "wards": [
          "Gombato Bongwe",
          " Ukunda",
          "Kinondo",
          "Ramisi"
        ]
      },
      {
        "constituency_name": "Matuga",
        "wards": [
          "  Tsimba Golini",
          "Waa",
          "Tiwi",
          "Kubo South",
          "Mkongani"
        ]
      }
    ]
  },
  {
    "county_code": 3,
    "county_name": "Kilifi",
    "constituencies": [
      {
        "constituency_name": "Kilifi North",
        "wards": [
          "Tezo",
          "Sokoni",
          "Kibarani",
          "Dabaso",
          "Matsangoni",
          "Watamu",
          "Mnarani"
        ]
      },
      {
        "constituency_name": "Kilifi South",
        "wards": [
          "Junju",
          "Mwarakaya",
          "Shimo la Tewa",
          "Chasimba",
          "Mtepeni"
        ]
      },
      {
        "constituency_name": "Kaloleni",
        "wards": [
          "Mariakani",
          "Kayafungo",
          "Kaloleni",
          "Mwanamwinga"
        ]
      },
      {
        "constituency_name": "Ganze",
        "wards": [
          "Dungicha",
          "Bamba",
          "Jaribuni",
          "Sokoke"
        ]
      },
      {
        "constituency_name": "Magarini",
        "wards": [
          "Maarafa",
          "Magarini",
          "Gongoni",
          "Adu",
          "Garashi",
          "Sabaki"
        ]
      },
      {
        "constituency_name": "Rabai",
        "wards": [
          "Mwawesa",
          "Ruruma",
          "Jibana",
          "Rabai/Kisurutuni"
        ]
      },
      {
        "constituency_name": "Malindi",
        "wards": [
          "Jilore",
          "Kakuyuni",
          "Ganda",
          "Malindi Town",
          "Shella"
        ]
      }
    ]
  },
  {
    "county_code": 4,
    "county_name": "Tana River",
    "constituencies": [
      {
        "constituency_name": "Garsen",
        "wards": [
          "Garsen Central",
          "Garsen East",
          "Garsen North",
          "Garsen South",
          "Kipini East",
          "Kipini West"
        ]
      },
      {
        "constituency_name": "Galole",
        "wards": [
          "Kinakomba",
          "Mikinduni",
          "Chewani",
          "Wayu"
        ]
      },
      {
        "constituency_name": "Bura",
        "wards": [
          "Chewele",
          "Hirimani",
          "Bangale",
          "Madogo",
          "Sala"
        ]
      }
    ]
  },
  {
    "county_code": 5,
    "county_name": "Lamu",
    "constituencies": [
      {
        "constituency_name": "Lamu East",
        "wards": [
          "Faza",
          "Kiunga",
          "Basuba"
        ]
      },
      {
        "constituency_name": "Lamu West",
        "wards": [
          "Shella",
          "Mkomani",
          "Hindi",
          "Mkunumbi",
          "Hongwe",
          "Witu",
          "Bahari"
        ]
      }
    ]
  },
  {
    "county_code": 6,
    "county_name": "Taita-Taveta",
    "constituencies": [
      {
        "constituency_name": "Taveta",
        "wards": [
          "Chala",
          "Mahoo",
          "Bomani",
          "Mboghoni",
          "Mata"
        ]
      },
      {
        "constituency_name": "Wundanyi",
        "wards": [
          "Wundanyi/Mbale",
          "Werugha",
          "Wumingu/Kishushe",
          "Mwanda/Mgange"
        ]
      },
      {
        "constituency_name": "Mwatate",
        "wards": [
          "Ronge",
          "Mwatate",
          "Bura",
          "Chawia",
          "Wusi/Kishamba"
        ]
      },
      {
        "constituency_name": "Voi",
        "wards": [
          "Mbololo",
          "Kaloleni",
          "Sagala",
          "Marungu",
          "Kaigau",
          "Ngolia"
        ]
      }
    ]
  },
  {
    "county_code": 7,
    "county_name": "Garissa",
    "constituencies": [
      {
        "constituency_name": "Dujis",
        "wards": [
          "Waberi",
          "Galbet",
          "Township",
          "Iftin"
        ]
      },
      {
        "constituency_name": "Balambala",
        "wards": [
          "Balambala",
          "Danyere",
          "Jarajara",
          "Saka",
          "Sankuri"
        ]
      },
      {
        "constituency_name": "Dadaab",
        "wards": [
          "Dertu",
          "Dadaab",
          "Labasigale",
          "Damajale",
          "Liboi",
          "Abakaile"
        ]
      },
      {
        "constituency_name": "Fafi",
        "wards": [
          "Bura",
          "Dekaharia",
          "Jarajila",
          "Fafi",
          "Nanighi"
        ]
      },
      {
        "constituency_name": "Ijara",
        "wards": [
          "Hulugho",
          "Sangailu",
          "Ijara",
          "Masalani"
        ]
      },
      {
        "constituency_name": "Lagdera",
        "wards": [
          "Modogashe",
          "Bename",
          "Goreale",
          "Maalamin",
          "Sabena",
          "Baraki"
        ]
      }
    ]
  },
  {
    "county_code": 8,
    "county_name": "Wajir",
    "constituencies": [
      {
        "constituency_name": "Wajir East",
        "wards": [
          "Wagbri",
          "Township",
          "Barwago",
          "Khorof/Harar"
        ]
      },
      {
        "constituency_name": "Wajir North",
        "wards": [
          "Gurar",
          "Bute",
          "Korondile",
          "Malkagufu",
          "Batalu",
          "Danaba",
          "Godoma"
        ]
      },
      {
        "constituency_name": "Wajir South",
        "wards": [
          "Benane",
          "Burder",
          "Dadaja Bulla",
          "Habaswein",
          "Lagboghol South",
          "Ibrahim Ure"
        ]
      },
      {
        "constituency_name": "Wajir West",
        "wards": [
          "Arbajahan",
          "Hadado/Athibohol",
          "Ademasajide",
          "Ganyure",
          "Wagalla"
        ]
      },
      {
        "constituency_name": "Tarbaj",
        "wards": [
          "Elben",
          "Sarman",
          "Tarbaj",
          "Wargadud"
        ]
      },
      {
        "constituency_name": "Eldas",
        "wards": [
          "Eldas",
          "Della",
          "Lakoley South/Basir",
          "Elnur/Tula Tula"
        ]
      }
    ]
  },
  {
    "county_code": 9,
    "county_name": "Mandera",
    "constituencies": [
      {
        "constituency_name": "Mandera West",
        "wards": [
          "Takaba South",
          "Takaba",
          "Lagsure",
          "Dandu",
          "Gither"
        ]
      },
      {
        "constituency_name": "Banissa",
        "wards": [
          "Banissa",
          "Derkhale",
          "Guba",
          "Malkamari",
          "Kiliwehiri"
        ]
      },
      {
        "constituency_name": "Mandera North",
        "wards": [
          "Ashabito",
          "Guticha",
          "Marothile",
          "Rhamu",
          "Rhamu Dimtu"
        ]
      },
      {
        "constituency_name": "Mandera South",
        "wards": [
          "Wargadud",
          "Kutulo",
          "Elwak South",
          "Elwak North",
          "Shimbir Fatuma"
        ]
      },
      {
        "constituency_name": "Mandera East",
        "wards": [
          "Arabia",
          "Libehia",
          "Khalalio",
          "Neboi",
          "Township"
        ]
      },
      {
        "constituency_name": "Lafey",
        "wards": [
          "Sala",
          "Fino",
          "Lafey",
          "Warangara",
          "Alungo"
        ]
      }
    ]
  },
  {
    "county_code": 10,
    "county_name": "Marsabit",
    "constituencies": [
      {
        "constituency_name": "Laisamis",
        "wards": [
          "  Loiyangalani",
          "Kargi/South Horr",
          "Korr/Ngurunit",
          "LogoLogo",
          "Laisamis"
        ]
      },
      {
        "constituency_name": "North Horr",
        "wards": [
          "  Dukana",
          "Maikona",
          "Turbi",
          "North Horr",
          " Illeret"
        ]
      },
      {
        "constituency_name": "Saku",
        "wards": [
          "Sagate/Jaldesa",
          "Karare",
          "Marsabit Central"
        ]
      },
      {
        "constituency_name": "Moyale",
        "wards": [
          "Butiye",
          "Sololo",
          "Heillu/Manyatta",
          "Golbo",
          "Moyale Township",
          "Uran",
          "Obbu"
        ]
      }
    ]
  },
  {
    "county_code": 11,
    "county_name": "Isiolo",
    "constituencies": [
      {
        "constituency_name": "Isiolo North",
        "wards": [
          "Wabera",
          "Bulla Pesa",
          "Chari",
          "Cherab",
          "Ngare Mara",
          "Burat",
          "Oldo/Nyiro"
        ]
      },
      {
        "constituency_name": "Isiolo South",
        "wards": [
          "Garba Tulla",
          "Kina",
          "Sericho"
        ]
      }
    ]
  },
  {
    "county_code": 12,
    "county_name": "Meru",
    "constituencies": [
      {
        "constituency_name": "Buuri",
        "wards": [
          "Timau",
          "Kisima",
          "Kiirua/Naari",
          "Ruiri/Rwarera"
        ]
      },
      {
        "constituency_name": "Central Imenti",
        "wards": [
          "Mwanganthia",
          "Abothuguchi Central",
          "Abothuguchi West",
          "Kiagu",
          "Kibirichia"
        ]
      },
      {
        "constituency_name": "Igembe Central",
        "wards": [
          "Akirang'ondu",
          "Athiru",
          "Ruujine",
          "Igembe East Njia",
          "Kangeta"
        ]
      },
      {
        "constituency_name": "Igembe South",
        "wards": [
          "Maua",
          "Kegoi/Antubochiu",
          "Athiru",
          "Gaiti",
          "Akachiu",
          "Kanuni"
        ]
      },
      {
        "constituency_name": "Igembe North",
        "wards": [
          "Antuambui",
          "Ntunene",
          "Antubetwe Kiongo",
          "Naathui",
          "Amwathi"
        ]
      },
      {
        "constituency_name": "Tigania West",
        "wards": [
          "Athwana",
          "Akithi",
          "Kianjai",
          "Nkomo",
          "Mbeu"
        ]
      },
      {
        "constituency_name": "Tigania East",
        "wards": [
          "Thangatha",
          "Mikinduri",
          "Kiguchwa",
          "Mithara",
          "Karama"
        ]
      },
      {
        "constituency_name": "Imenti North",
        "wards": [
          "Municipality",
          "Ntima East",
          "Ntima West",
          "Nyaki West",
          "Nyaki East"
        ]
      },
      {
        "constituency_name": "Imenti South",
        "wards": [
          "Mitunguu",
          "Igoji East",
          "Igoji West",
          "Abogeta East",
          "Abogeta West",
          "Nkuene"
        ]
      }
    ]
  },
  {
    "county_code": 13,
    "county_name": "Tharaka Nithi",
    "constituencies": [
      {
        "constituency_name": "Tharaka ",
        "wards": [
          "Gatunga",
          "Mukothima",
          "Nkondi",
          "Chiakariga",
          "Marimanti"
        ]
      },
      {
        "constituency_name": "Chuka/Igambang’ombe",
        "wards": [
          "Mariani",
          "Karingani",
          "Magumoni",
          "Mugwe",
          "Igambang'ombe"
        ]
      },
      {
        "constituency_name": "Maara",
        "wards": [
          "Mitheru",
          "Muthambi",
          "Mwimbi",
          "Ganga",
          "Chogoria"
        ]
      }
    ]
  },
  {
    "county_code": 14,
    "county_name": "Embu",
    "constituencies": [
      {
        "constituency_name": "Manyatta",
        "wards": [
          "Ruguru/Ngandori",
          "Kithimu",
          "Nginda",
          "Mbeti North",
          "Kirimari",
          "Gaturi South"
        ]
      },
      {
        "constituency_name": "Runyenjes",
        "wards": [
          "Gaturi North",
          "Kagaari South",
          "Kagaari North",
          "Central Ward",
          "Kyeni North",
          "Kyeni South"
        ]
      },
      {
        "constituency_name": "Mbeere North",
        "wards": [
          "Nthawa",
          "Muminji",
          "Evurore"
        ]
      },
      {
        "constituency_name": "Mbeere South",
        "wards": [
          "Mwea",
          "Amakim",
          "Mbeti South",
          "Mavuria",
          "Kiambere"
        ]
      }
    ]
  },
  {
    "county_code": 15,
    "county_name": "Kitui",
    "constituencies": [
      {
        "constituency_name": "Kitui West",
        "wards": [
          "Mutonguni",
          "Kauwi",
          "Matinyani",
          "Kwa Mutonga/Kithum Ula"
        ]
      },
      {
        "constituency_name": "Kitui Central",
        "wards": [
          "Miambani",
          "Township Kyangwithya West",
          "Mulango",
          "Kyangwithya East"
        ]
      },
      {
        "constituency_name": "Kitui Rural",
        "wards": [
          "Kisasi",
          "Mbitini",
          "Kwavonza/Yatta",
          "Kanyangi"
        ]
      },
      {
        "constituency_name": "Kitui South",
        "wards": [
          "Ikana/Kyantune",
          "Mutomo",
          "Mutha",
          "Ikutha",
          "Kanziko",
          "Athi"
        ]
      },
      {
        "constituency_name": "Kitui East",
        "wards": [
          "Zombe/Mwitika",
          "Nzambani",
          "Chuluni",
          "Voo/Kyamatu",
          "Endau/Malalani",
          "Mutito/Kaliku"
        ]
      },
      {
        "constituency_name": "Mwingi North",
        "wards": [
          "Ngomeni",
          "Kyuso",
          "Mumoni",
          "Tseikuru",
          "Tharaka"
        ]
      },
      {
        "constituency_name": "Mwingi West",
        "wards": [
          "Kyome/Thaana",
          "Nguutani",
          "Migwani",
          "Kiomo/Kyethani"
        ]
      },
      {
        "constituency_name": "Mwingi Central",
        "wards": [
          "Central",
          "Kivou",
          "Nguni",
          "Mui",
          "Waita"
        ]
      }
    ]
  },
  {
    "county_code": 16,
    "county_name": "Machakos",
    "constituencies": [
      {
        "constituency_name": "Masinga",
        "wards": [
          "Kivaa",
          "Masinga",
          "Central",
          "Ekalakala",
          "Muthesya",
          "Ndithini"
        ]
      },
      {
        "constituency_name": "Yatta",
        "wards": [
          "Ndalani",
          "Matuu",
          "Kithimani",
          "Ikomba",
          "Katangi"
        ]
      },
      {
        "constituency_name": "Matungulu",
        "wards": [
          "Tala",
          "Matungulu North",
          "Matungulu East",
          "Matungulu West",
          "Kyeleni"
        ]
      },
      {
        "constituency_name": "Kangundo",
        "wards": [
          "Kangundo North",
          "Kangundo Central",
          "Kangundo East",
          "Kangundo West"
        ]
      },
      {
        "constituency_name": "Mwala",
        "wards": [
          "Mbiuni",
          "Makutano/Mwala",
          "Masii",
          "Muthetheni",
          "Wamunyu",
          "Kibauni"
        ]
      },
      {
        "constituency_name": "Kathiani",
        "wards": [
          "Mitaboni",
          "Kathiani Central",
          "Upper Kaewa/Iveti",
          "Lower Kaewa/Kaani"
        ]
      },
      {
        "constituency_name": "Machakos Town",
        "wards": [
          "Kalama",
          "Mua",
          "Mutitini",
          "Machakos Central",
          "Mumbuni North",
          "Muvuti/Kiima-Kimwe",
          "Kola"
        ]
      },
      {
        "constituency_name": "Mavoko",
        "wards": [
          "Athi River",
          "Kinanie",
          "Muthwani",
          "Syokimau/Mulolongo"
        ]
      }
    ]
  },
  {
    "county_code": 17,
    "county_name": "Makueni",
    "constituencies": [
      {
        "constituency_name": "Mbooni",
        "wards": [
          "Tulimani",
          "Mbooni",
          "Kithungo/Kitundu",
          "Kiteta/Kisau",
          "Waia-Kako",
          "Kalawa"
        ]
      },
      {
        "constituency_name": "Kaiti",
        "wards": [
          "Ukia",
          "Kee",
          "Kilungu",
          "Ilima"
        ]
      },
      {
        "constituency_name": "Makueni",
        "wards": [
          "Wote",
          "Muvau/Kikuumini",
          "Mavindini",
          "Kitise/Kithuki",
          "Kathonzweni",
          "Nzau/Kilili/Kalamba",
          "Mbitini"
        ]
      },
      {
        "constituency_name": "Kilome",
        "wards": [
          "Kasikeu",
          "Mukaa",
          "Kiima Kiu/Kalanzoni"
        ]
      },
      {
        "constituency_name": "Kibwezi East",
        "wards": [
          "Masongaleni",
          "Mtito Andei",
          "Thange",
          "Ivingoni/Nzambani"
        ]
      },
      {
        "constituency_name": "Kibwezi West",
        "wards": [
          "Makindu",
          "Nguumo",
          "Kikumbulyu North",
          "Kimumbulyu South",
          "Nguu/Masumba",
          "Emali/Mulala"
        ]
      }
    ]
  },
  {
    "county_code": 18,
    "county_name": "Nyandarua",
    "constituencies": [
      {
        "constituency_name": "Kinangop",
        "wards": [
          "Engineer",
          "Gathara",
          "North Kinangop",
          "Murungaru",
          "Njabini/Kiburu",
          "Nyakio",
          "Githabai",
          "Magumu"
        ]
      },
      {
        "constituency_name": "Kipipiri",
        "wards": [
          "Wanjohi",
          "Kipipiri",
          "Geta",
          "Githioro"
        ]
      },
      {
        "constituency_name": "Ol Joro Orok",
        "wards": [
          "Gathanji",
          "Gatima",
          "Weru",
          "Charagita"
        ]
      },
      {
        "constituency_name": "Ndaragwa",
        "wards": [
          "Leshau/Pondo",
          "Kiriita",
          "Central",
          "Shamata"
        ]
      },
      {
        "constituency_name": "Ol Kalou",
        "wards": [
          "Karau",
          "Kanjuiri Range",
          "Mirangine",
          "Kaimbaga",
          "Rurii"
        ]
      }
    ]
  },
  {
    "county_code": 19,
    "county_name": "Nyeri",
    "constituencies": [
      {
        "constituency_name": "Mathira",
        "wards": [
          "Ruguru",
          "Magutu",
          "Iriani",
          "Konyu",
          "Kirimukuyu",
          "Karatina Town"
        ]
      },
      {
        "constituency_name": "Othaya",
        "wards": [
          "Mahiga",
          "Iria-Ini",
          "Chinga",
          "Karima"
        ]
      },
      {
        "constituency_name": "Tetu",
        "wards": [
          "Dedan Kimathi",
          "Wamagana",
          "Aguthi-Gaaki"
        ]
      },
      {
        "constituency_name": "Mukurweini",
        "wards": [
          "Gikondi",
          "Rugi",
          "Mukurwe-Ini West",
          "Mukurwe-Ini Central"
        ]
      },
      {
        "constituency_name": "Tetu",
        "wards": [
          "Dedan Kimathi",
          "Wamagana",
          "Aguthi-Gaaki"
        ]
      },
      {
        "constituency_name": "Nyeri Town",
        "wards": [
          "Kiganjo/Mathari",
          "Rware",
          "Gatitu/Muruguru",
          "Ruring’u",
          "Kamakwa/Mukaro"
        ]
      },
      {
        "constituency_name": "Kieni",
        "wards": [
          "Mweiga",
          "Naromoro Kiamthaga",
          "Mwiyogo/Endara Sha",
          "Mugunda",
          "Gatarakwa",
          "Thegu River",
          "Kabaru",
          "Gakawa"
        ]
      }
    ]
  },
  {
    "county_code": 20,
    "county_name": "Kirinyaga",
    "constituencies": [
      {
        "constituency_name": "Kirinyaga Central",
        "wards": [
          "Mutira",
          "Kanyekini",
          "Kerugoya",
          "Inoi"
        ]
      },
      {
        "constituency_name": "Mwea",
        "wards": [
          "Mutithi",
          "Kangai",
          "Wamumu",
          "Nyangati",
          "Murindiko",
          "Gathigiriri",
          "Teberer",
          "Thiba"
        ]
      },
      {
        "constituency_name": "Gichugu",
        "wards": [
          "Kabare Baragwi",
          "Njukiini",
          "Ngariama",
          "Karumandi"
        ]
      },
      {
        "constituency_name": "Ndia",
        "wards": [
          "Mukure",
          "Kiine",
          "Kariti"
        ]
      }
    ]
  },
  {
    "county_code": 21,
    "county_name": "Murang'a",
    "constituencies": [
      {
        "constituency_name": "Gatanga",
        "wards": [
          "Ithanga",
          "Kakuzi/Mitubiri",
          "Mugumo-Ini",
          "Kihumbu-Ini",
          "Gatanga",
          "Kariara"
        ]
      },
      {
        "constituency_name": "Kandara",
        "wards": [
          "Ng’ararii",
          "Muruka",
          "Kangundu-Ini",
          "Gaichanjiru",
          "Ithiru",
          "Ruchu"
        ]
      },
      {
        "constituency_name": "Kigumo",
        "wards": [
          "Kahumbu",
          "Muthithi",
          "Kigumo",
          "Kangari",
          "Kinyona"
        ]
      },
      {
        "constituency_name": "Mathioya",
        "wards": [
          "Gitugi",
          "Kiru",
          "Kamacharia"
        ]
      },
      {
        "constituency_name": "Kiharu",
        "wards": [
          "Wangu",
          "Mugoiri",
          "Mbiri",
          "Township",
          "Murarandia",
          "Gaturi"
        ]
      },
      {
        "constituency_name": "Kangema",
        "wards": [
          "Kanyenya-Ini",
          "Muguru",
          "Rwathia"
        ]
      },
      {
        "constituency_name": "Maragwa",
        "wards": [
          "Kimorori/Wempa",
          "Makuyu",
          "Kambiti",
          "Kamahuha",
          "Ichagaki",
          "Nginda"
        ]
      }
    ]
  },
  {
    "county_code": 22,
    "county_name": "Kiambu",
    "constituencies": [
      {
        "constituency_name": "Gatundu North",
        "wards": [
          "Gituamba",
          "Githobokoni",
          "Chania",
          "Mang’u"
        ]
      },
      {
        "constituency_name": "Gatundu South",
        "wards": [
          "Kiamwangi",
          "Kiganjo",
          "Ndarugu",
          "Ngenda"
        ]
      },
      {
        "constituency_name": "Githunguri",
        "wards": [
          "Githunguri",
          "Githiga",
          "Ikinu",
          "Ngewa",
          "Komothai"
        ]
      },
      {
        "constituency_name": "Juja",
        "wards": [
          "Murera",
          "Theta",
          "Juja",
          "Witeithie",
          "Kalimoni"
        ]
      },
      {
        "constituency_name": "Kabete",
        "wards": [
          "Gitaru",
          "Muguga",
          "Nyathuna",
          "Kabete",
          "Uthiru"
        ]
      },
      {
        "constituency_name": "Kiambaa",
        "wards": [
          "Cianda",
          "Karuiri",
          "Ndenderu",
          "Muchatha",
          "Kihara"
        ]
      },
      {
        "constituency_name": "Kiambu",
        "wards": [
          "Ting’gang’a",
          "Ndumberi",
          "Riabai",
          "Township"
        ]
      },
      {
        "constituency_name": "Limuru",
        "wards": [
          "Bibirioni",
          "Limuru Central",
          "Ndeiya",
          "Limuru East",
          "Ngecha Tigoni"
        ]
      },
      {
        "constituency_name": "Kikuyu",
        "wards": [
          "Karai",
          "Nachu",
          "Sigona",
          "Kikuyu",
          "Kinoo"
        ]
      },
      {
        "constituency_name": "Lari",
        "wards": [
          "Kijabe",
          "Nyanduma",
          "Kamburu",
          "Lari/Kirenga"
        ]
      },
      {
        "constituency_name": "Ruiru",
        "wards": [
          "Gitothua",
          "Biashara",
          "Gatongora",
          "Kahawa Sukari",
          "Kahawa Wendani",
          "Kiuu",
          "Mwiki",
          "Mwihoko"
        ]
      },
      {
        "constituency_name": "Thika Town",
        "wards": [
          "Township",
          "Kamenu",
          "Hospital",
          "Gatuanyaga",
          "Ngoliba"
        ]
      }
    ]
  },
  {
    "county_code": 23,
    "county_name": "Turkana",
    "constituencies": [
      {
        "constituency_name": "Turkana Central",
        "wards": [
          "Kerio Delta",
          "Kang’atotha",
          "Kalokol",
          "Lodwar Township",
          "Kanamkemer"
        ]
      },
      {
        "constituency_name": "Turkana East",
        "wards": [
          "Kapedo/Napeito",
          "Katilia",
          "Lokori/Kochodin"
        ]
      },
      {
        "constituency_name": "Turkana North",
        "wards": [
          "Kaeris",
          "Lake zone",
          "Lapur",
          "Kaaleng/kaikor",
          "Kibish",
          "Nakalale"
        ]
      },
      {
        "constituency_name": "Turkana South",
        "wards": [
          "Kaputir",
          "Katilu",
          "Lobokat",
          "Kalapata",
          "Lokichar"
        ]
      },
      {
        "constituency_name": "Turkana West",
        "wards": [
          "Kakuma",
          "Lopur",
          "Letea",
          "Songot",
          "Kalobeyei",
          "Lokichoggio",
          "Nanaam"
        ]
      },
      {
        "constituency_name": "Loima",
        "wards": [
          "Kotaruk/Lobei",
          "Turkwel",
          "Loima",
          "Lokiriama/Loren Gippi"
        ]
      }
    ]
  },
  {
    "county_code": 24,
    "county_name": "West pokot",
    "constituencies": [
      {
        "constituency_name": "Kapenguria",
        "wards": [
          "Riwo",
          "Kapenguria",
          "Mnagei",
          "Siyoi",
          "Endugh",
          "Sook"
        ]
      },
      {
        "constituency_name": "Sigor",
        "wards": [
          "Sekerr",
          "Masool",
          "Lomut",
          "Weiwei"
        ]
      },
      {
        "constituency_name": "Kacheliba",
        "wards": [
          "Suam",
          "Kodich",
          "Kasei",
          "Kapchok",
          "Kiwawa",
          "Alale"
        ]
      },
      {
        "constituency_name": "Pokot South",
        "wards": [
          "Chepareria",
          "Batei",
          "Lelan",
          "Tapach"
        ]
      }
    ]
  },
  {
    "county_code": 25,
    "county_name": "Samburu",
    "constituencies": [
      {
        "constituency_name": "Samburu East",
        "wards": [
          "Waso",
          "Wamba West",
          "Wamba East",
          "Wamba North"
        ]
      },
      {
        "constituency_name": "Samburu North",
        "wards": [
          "El-Barta",
          "Nachola",
          "Ndoto",
          "Nyiro",
          "Angata Nanyokie",
          "Baawa"
        ]
      },
      {
        "constituency_name": "Samburu West",
        "wards": [
          "Lodokejek",
          "Suguta Marmar",
          "Maralal",
          "Loosuk",
          "Poro"
        ]
      }
    ]
  },
  {
    "county_code": 26,
    "county_name": "Trans-Nzoia",
    "constituencies": [
      {
        "constituency_name": "Cherang'any",
        "wards": [
          "Sinyerere",
          "Makutano",
          "Kaplamai",
          "Motosiet",
          "Cherangany/Suwerwa",
          "Chepsiro/Kiptoror",
          "Sitatunga"
        ]
      },
      {
        "constituency_name": "Kwanza",
        "wards": [
          "Kapomboi",
          "Kwanza",
          "Keiyo",
          "Bidii"
        ]
      },
      {
        "constituency_name": "Endebess",
        "wards": [
          "Chepchoina",
          "Endebess",
          "Matumbei"
        ]
      },
      {
        "constituency_name": "Saboti",
        "wards": [
          "Kinyoro",
          "Matisi",
          "Tuwani",
          "Saboti",
          "Machewa"
        ]
      },
      {
        "constituency_name": "Kiminini",
        "wards": [
          "Kiminini",
          "Waitaluk",
          "Sirende",
          "Hospital",
          "Sikhendu",
          "Nabiswa"
        ]
      }
    ]
  },
  {
    "county_code": 27,
    "county_name": "Uasin Gishu",
    "constituencies": [
      {
        "constituency_name": "Ainabkoi",
        "wards": [
          "Kapsoya",
          "Kaptagat",
          "Ainabkoi/Olare"
        ]
      },
      {
        "constituency_name": "Kapseret",
        "wards": [
          "Simat/Kapseret",
          "Kipkenyo",
          "Ngeria",
          "Megun",
          "Langas"
        ]
      },
      {
        "constituency_name": "Kesses",
        "wards": [
          "Racecourse",
          "Cheptiret/Kipchamo",
          "Tulwet/Chuiyat",
          "Tarakwa"
        ]
      },
      {
        "constituency_name": "Moiben",
        "wards": [
          "Tembelio",
          "Sergoit",
          "Karuna/Meibeki",
          "Moiben",
          "Kimumu"
        ]
      },
      {
        "constituency_name": "Soy",
        "wards": [
          "  Moi’s Bridge",
          "Kapkures",
          "Ziwa",
          "Segero/Barsombe",
          "Kipsom Ba",
          "Soy",
          "Kuinet/Kapsuswa"
        ]
      },
      {
        "constituency_name": "Turbo",
        "wards": [
          "  Ngenyilel",
          "Tapsagoi",
          "Kamagut",
          "Kiplombe",
          "Kapsaos",
          "Huruma"
        ]
      }
    ]
  },
  {
    "county_code": 28,
    "county_name": "Elgeyo-Marakwet",
    "constituencies": [
      {
        "constituency_name": "Keiyo North",
        "wards": [
          "Emsoo",
          "Kamariny",
          "Kapchemutwa",
          "Tambach"
        ]
      },
      {
        "constituency_name": "Keiyo South",
        "wards": [
          "Kaptarakwa",
          "Chepkorio",
          "Soy North",
          "Soy South",
          "Kabiemit",
          "Metkei"
        ]
      },
      {
        "constituency_name": "Marakwet East",
        "wards": [
          "Kapyego",
          "Sambirir",
          "Endo",
          "Embobut / Embulot"
        ]
      },
      {
        "constituency_name": "Marakwet West",
        "wards": [
          "Kapsowar",
          "Lelan",
          "Sengwer",
          "Cherang’any/Chebororwa",
          "Moiben/Kuserwo",
          "Arror"
        ]
      }
    ]
  },
  {
    "county_code": 29,
    "county_name": "Nandi",
    "constituencies": [
      {
        "constituency_name": "Aldai",
        "wards": [
          "Kabwareng",
          "Terik",
          "Kemeloi-Maraba",
          "Kobujoi",
          "Kaptumo-Kaboi",
          "Koyo-Ndurio"
        ]
      },
      {
        "constituency_name": "Chesumei",
        "wards": [
          "Chemundu/Kapng’etuny",
          "Kosirai",
          "Lelmokwo/Ngechek",
          "Kaptel/Kamoiywo",
          "Kiptuya"
        ]
      },
      {
        "constituency_name": "Emgwen",
        "wards": [
          "Chepkumia",
          "Kapkangani",
          "Kapsabet",
          "Kilibwoni"
        ]
      },
      {
        "constituency_name": "Mosop",
        "wards": [
          "Chepterwai",
          "Kipkaren",
          "Kurgung/ Surungai",
          "Kabiyet",
          "Ndalat",
          "Kabisaga",
          "Sangalo/Kebulonik"
        ]
      },
      {
        "constituency_name": "Nandi Hills",
        "wards": [
          "Nandi Hills",
          "Chepkunyuk",
          "Ol’lessos",
          "Kapchorua"
        ]
      },
      {
        "constituency_name": "Tinderet",
        "wards": [
          "Songhor/Soba",
          "Tindiret",
          "Chemelil/Chemase",
          "Kapsimotwo"
        ]
      }
    ]
  },
  {
    "county_code": 30,
    "county_name": "Baringo",
    "constituencies": [
      {
        "constituency_name": "Baringo Central",
        "wards": [
          "Kabarnet",
          "Sacho",
          "Tenges",
          "Ewalel/Chapcha",
          "Kapropita"
        ]
      },
      {
        "constituency_name": "Baringo North",
        "wards": [
          "Barwessa",
          "Kabartonjo",
          "Saimo/Kipsaraman",
          "Saimo/Soi",
          "Bartabwa"
        ]
      },
      {
        "constituency_name": "Baringo South",
        "wards": [
          "Marigat",
          "Ilchamus",
          "Mochongoi",
          "Mukutani"
        ]
      },
      {
        "constituency_name": "Eldama Ravine",
        "wards": [
          "Lembus",
          "Lembus Kwen",
          "Ravine",
          "Mumberes/Maji Mazuri",
          "Lembus /Pekerra"
        ]
      },
      {
        "constituency_name": "Mogotio",
        "wards": [
          "Mogotio",
          "Emining",
          "Kisanana"
        ]
      },
      {
        "constituency_name": "Tiaty",
        "wards": [
          "Tirioko",
          "Kolowa",
          "Ribkwo",
          "Silale",
          "Loiyamorock",
          "Tangulbei/Korossi",
          "Churo/Amaya"
        ]
      }
    ]
  },
  {
    "county_code": 31,
    "county_name": "Laikipia",
    "constituencies": [
      {
        "constituency_name": "Laikipia North",
        "wards": [
          "Sosian",
          "Segera",
          "Mugogodo West",
          "Mugogodo East"
        ]
      },
      {
        "constituency_name": "Laikipia East",
        "wards": [
          "Ngobit",
          "Tigithi",
          "Thingithu",
          "Nanyuki",
          " Umande"
        ]
      },
      {
        "constituency_name": "Laikipia West",
        "wards": [
          "Ol-Moran",
          "Rumuruti",
          "Township ",
          "Githiga",
          "Marmanet",
          "Igwamiti Salama"
        ]
      }
    ]
  },
  {
    "county_code": 32,
    "county_name": "Nakuru",
    "constituencies": [
      {
        "constituency_name": "Nakuru Town East",
        "wards": [
          "Biashara",
          "Kivumbini",
          "Flamingo",
          "Menengai",
          "Nakuru East"
        ]
      },
      {
        "constituency_name": "Nakuru Town West",
        "wards": [
          "Barut",
          "London",
          "Kaptembwo",
          "Kapkures",
          "Rhoda",
          "Shaabab"
        ]
      },
      {
        "constituency_name": "Njoro",
        "wards": [
          "Mau Narok",
          "Mauche",
          "Kihingo",
          "Nessuit",
          "Lare",
          "Njoro"
        ]
      },
      {
        "constituency_name": "Molo",
        "wards": [
          "Mariashoni",
          "Elburgon",
          "Turi",
          "Molo"
        ]
      },
      {
        "constituency_name": "Gilgil",
        "wards": [
          "Gilgil",
          "Elementaita",
          "Mbaruk/Eburu",
          "Malewa West",
          "Murindati"
        ]
      },
      {
        "constituency_name": "Naivasha",
        "wards": [
          "Biashara",
          "Hells Gate",
          "Lake View",
          "Maiella",
          "Mai Mahiu",
          "Olkaria",
          "Naivasha East",
          "Viwandani"
        ]
      },
      {
        "constituency_name": "Kuresoi North",
        "wards": [
          "Kiptororo",
          "Nyota",
          "Sirikwa",
          "Kamara"
        ]
      },
      {
        "constituency_name": "Kuresoi South",
        "wards": [
          "Amalo",
          "Keringet",
          "Kiptagich",
          "Tinet"
        ]
      },
      {
        "constituency_name": "Bahati",
        "wards": [
          "Dundori",
          "Kabatini",
          "Kiamaina",
          "Lanet/Umoja",
          "Bahati"
        ]
      },
      {
        "constituency_name": "Rongai",
        "wards": [
          "Menengai West",
          "Soin",
          "Visoi",
          "Mosop",
          "Solai"
        ]
      },
      {
        "constituency_name": "Subukia",
        "wards": [
          "Subukia",
          "Waseges",
          "Kabazi"
        ]
      }
    ]
  },
  {
    "county_code": 33,
    "county_name": "Narok",
    "constituencies": [
      {
        "constituency_name": "Narok North",
        "wards": [
          "Olpusimoru",
          "Olokurto",
          "Narok Town",
          "Nkareta'Olorropil",
          "Melili"
        ]
      },
      {
        "constituency_name": "Narok South",
        "wards": [
          "Majimoto/Naroos",
          "Uraololulung’a",
          "Melelo",
          "Loita",
          "Sogoo",
          "Sagamian"
        ]
      },
      {
        "constituency_name": "Narok East",
        "wards": [
          "Mosiro",
          "Ildamat",
          "Keekonyokie",
          "Suswa"
        ]
      },
      {
        "constituency_name": "Narok West",
        "wards": [
          "Ilmotiok",
          "Mara",
          "Siana",
          "Naikarra"
        ]
      },
      {
        "constituency_name": "Kilgoris",
        "wards": [
          "Kilgoris Central",
          "Keyian",
          "Angata Barikoi",
          "Shankoe",
          "Kimintet",
          "Lolgorian"
        ]
      },
      {
        "constituency_name": "Emurua Dikirr",
        "wards": [
          "Ilkerin",
          "Ololmasani",
          "Mogondo",
          "Kapsasian"
        ]
      }
    ]
  },
  {
    "county_code": 34,
    "county_name": "Kajiado",
    "constituencies": [
      {
        "constituency_name": "Kajiado Central",
        "wards": [
          "Purko",
          "Ildamat",
          "Dalalekutuk",
          "Matapato North",
          "Matapato South"
        ]
      },
      {
        "constituency_name": "Kajiado East",
        "wards": [
          "Kaputiei North",
          "Kitengela",
          "Oloosirkon/Sholinke",
          "Kenyawa-Poka",
          "Imaroro"
        ]
      },
      {
        "constituency_name": "Kajiado North",
        "wards": [
          "Olkeri",
          "Ongata Rongai",
          "Nkaimurunya",
          "Oloolua",
          "Ngong"
        ]
      },
      {
        "constituency_name": "Kajiado West",
        "wards": [
          "  Keekonyokie",
          "Iloodokilani",
          "Magadi",
          "Ewuaso Oonkidong’i",
          "Mosiro"
        ]
      },
      {
        "constituency_name": "Kajiado South",
        "wards": [
          "Entonet/Lenkisi",
          "Mbirikani/Eselen",
          "Keikuku",
          "Rombo",
          "Kimana"
        ]
      }
    ]
  },
  {
    "county_code": 35,
    "county_name": "Kericho",
    "constituencies": [
      {
        "constituency_name": "Ainamoi",
        "wards": [
          "Kapsoit",
          "Ainamoi",
          "Kipchebor",
          "Kapkugerwet",
          "Kipchimchim",
          "Kapsaos"
        ]
      },
      {
        "constituency_name": "Belgut",
        "wards": [
          "Waldai",
          "Kabianga",
          "Cheptororiet/Seretut",
          "Chaik",
          "Kapsuser"
        ]
      },
      {
        "constituency_name": "Bureti",
        "wards": [
          "Kisiara",
          "Tebesonik",
          "Cheboin",
          "Chemosot",
          "Litein",
          "Cheplanget",
          "Kapkatet"
        ]
      },
      {
        "constituency_name": "Kipkelion East",
        "wards": [
          "Londiani",
          "Kedowa/Kimugul",
          "Chepseon",
          "Tendeno/Sorget"
        ]
      },
      {
        "constituency_name": "Kipkelion West",
        "wards": [
          "Kunyak",
          "Kamasian",
          "Kipkelion",
          "Chilchila"
        ]
      },
      {
        "constituency_name": "Soin Sigowet",
        "wards": [
          "Sigowet",
          "Kaplelartet",
          "Soliat",
          "Soin"
        ]
      }
    ]
  },
  {
    "county_code": 36,
    "county_name": "Bomet",
    "constituencies": [
      {
        "constituency_name": "Sotik",
        "wards": [
          "Ndanai/Abosi",
          "Chemagel",
          "Kipsonoi",
          "Apletundo",
          "Rongena/Manare T"
        ]
      },
      {
        "constituency_name": "Bomet Central",
        "wards": [
          "Silibwet Township",
          "Ndaraweta",
          " Singorwet",
          "Chesoen",
          "Mutarakwa"
        ]
      },
      {
        "constituency_name": "Bomet East",
        "wards": [
          "Merigi",
          "Kembu",
          "Longisa",
          "Kipreres",
          "Chemaner"
        ]
      },
      {
        "constituency_name": "Chepalungu",
        "wards": [
          "  Kong’asis",
          " Nyangores",
          "Sigor",
          " Chebunyo",
          "Siongiroi"
        ]
      },
      {
        "constituency_name": "Konoin",
        "wards": [
          "Chepchabas",
          "Kimulot",
          "Mogogosiek",
          "Boito",
          " Embomos"
        ]
      }
    ]
  },
  {
    "county_code": 37,
    "county_name": "Kakamega",
    "constituencies": [
      {
        "constituency_name": "Butere",
        "wards": [
          "Marama West",
          "Marama Central",
          "Marenyo-Shianda",
          "Maram North",
          "Marama South"
        ]
      },
      {
        "constituency_name": "Ikolomani",
        "wards": [
          "Idakho South",
          "Idakho East",
          "Idakho North",
          "Idakho Central"
        ]
      },
      {
        "constituency_name": "Khwisero",
        "wards": [
          "Kisa North",
          "Kisa East",
          "Kisa West",
          "Kisa Central"
        ]
      },
      {
        "constituency_name": "Lurambi",
        "wards": [
          "Butsotso East",
          "Butsotso South",
          "Butsotso Central",
          "Sheywe",
          "Mahiakalo",
          "Shirere"
        ]
      },
      {
        "constituency_name": "Likuyani",
        "wards": [
          "Likuyani",
          "Sango",
          "Kongoni",
          "Nzoia",
          "Sinoko"
        ]
      },
      {
        "constituency_name": "Malava",
        "wards": [
          "West Kabras",
          "Chemuche East",
          "Kabras",
          "Butali/Chegulo",
          "Manda-Shivanga",
          "Shirugu-Mugai",
          "South Kabras"
        ]
      },
      {
        "constituency_name": "Matungu",
        "wards": [
          "Koyonzo",
          "Kholera",
          "Khalaba",
          "Mayoni",
          "Namamali"
        ]
      },
      {
        "constituency_name": "Mumias East",
        "wards": [
          "Lusheya/Lubinu",
          "Malaha/Isongo/Makunga",
          "East Wanga"
        ]
      },
      {
        "constituency_name": "Mumias West",
        "wards": [
          "Mumias Central",
          "Mumias North",
          "Etenje",
          "Musanda"
        ]
      },
      {
        "constituency_name": "Navakholo",
        "wards": [
          "Ingostse-Mathia",
          "Shinoyi-Shikomari",
          "Esumeyia",
          "Bunyala West",
          "Bunyal East",
          "Bunyala Central"
        ]
      },
      {
        "constituency_name": "Lugari",
        "wards": [
          "Mautuma",
          "Lugari",
          "Lumakanda",
          "Chekalini",
          "Chevaywa",
          "Lawandeti"
        ]
      },
      {
        "constituency_name": "Shinyalu",
        "wards": [
          "Mautuma",
          "Lugari",
          "Lumakanda",
          "Chekalini",
          "Chevaywa",
          "Lawandeti"
        ]
      }
    ]
  },
  {
    "county_code": 38,
    "county_name": "Vihiga",
    "constituencies": [
      {
        "constituency_name": "Emuhaya",
        "wards": [
          "North East Bunyore",
          "Central Bunyore",
          "West Bunyore"
        ]
      },
      {
        "constituency_name": "Hamisi",
        "wards": [
          "Shiru",
          "Gisambai",
          "Shamakhokho",
          "Banja",
          "Muhudi",
          "Tambaa",
          "Jepkoyai"
        ]
      },
      {
        "constituency_name": "Sabatia",
        "wards": [
          "Lyaduywa/Izava",
          "West Sabatia",
          "Chavakali",
          "North Maragoli",
          "Wodanga",
          "Busali"
        ]
      },
      {
        "constituency_name": "Vihiga",
        "wards": [
          "Lugaga-Wamuluma",
          "South Maragoli",
          "Central Maragoli",
          "Mungoma"
        ]
      },
      {
        "constituency_name": "Luanda",
        "wards": [
          "Luanda Township",
          "Wemilabi",
          "Mwibona",
          "Luanda South",
          "Emabungo"
        ]
      }
    ]
  },
  {
    "county_code": 39,
    "county_name": "Bungoma",
    "constituencies": [
      {
        "constituency_name": "Bumula",
        "wards": [
          "Bumula",
          "Khasoko",
          "Kabula",
          "Kimaeti",
          "South Bukusu",
          "Siboti"
        ]
      },
      {
        "constituency_name": "Kanduyi",
        "wards": [
          "Bukembe West",
          "Bukembe East",
          "Township",
          "Khalaba",
          "Musikoma",
          "East Snag’alo",
          "Marakatu",
          "Tuuti",
          "West Sang’alo"
        ]
      },
      {
        "constituency_name": "Webuye East",
        "wards": [
          "Mihuu",
          "Ndivisi",
          "Maraka"
        ]
      },
      {
        "constituency_name": "Webuye West",
        "wards": [
          "Sitikho",
          "Matulo",
          "Bokoli"
        ]
      },
      {
        "constituency_name": "Mt. Elgon",
        "wards": [
          "Cheptais",
          "Chesikaki",
          "Chepyuk",
          "Kapkateny",
          "Kaptama",
          "Elgon"
        ]
      },
      {
        "constituency_name": "Sirisia",
        "wards": [
          "Namwela",
          "Malakisi/South Kulisiru",
          "Lwandanyi"
        ]
      },
      {
        "constituency_name": "Tongaren",
        "wards": [
          "Mbakalo",
          "Naitiri/Kabuyefwe",
          "Milima",
          "Ndalu/Tabani",
          "Tongaren",
          "Soysambu/Mitua"
        ]
      },
      {
        "constituency_name": "Kabuchai",
        "wards": [
          "Kabuchai/Chwele",
          "West Nalondo",
          "Bwake/Luuya",
          "Mukuyuni",
          "South Bukusu"
        ]
      },
      {
        "constituency_name": "Kimilili",
        "wards": [
          "Kibingei",
          "Kimilili",
          "Maeni",
          "Kamukuywa"
        ]
      }
    ]
  },
  {
    "county_code": 40,
    "county_name": "Busia",
    "constituencies": [
      {
        "constituency_name": "Teso North",
        "wards": [
          "MALABA CENTRAL",
          "MALABA NORTH",
          "ANG’URAI SOUTH",
          "MALABA SOUTH",
          "ANG’URAI NORTH",
          "ANG’URAI EAST"
        ]
      },
      {
        "constituency_name": "Teso South",
        "wards": [
          "ANG'OROM",
          "CHAKOI SOUTH",
          "AMUKURA CENTRAL",
          "CHAKOI NORTH",
          "AMUKURA EAST",
          "AMUKURA WEST"
        ]
      },
      {
        "constituency_name": "Nambale",
        "wards": [
          "NAMBALE TOWNSHIP",
          "BUKHAYO NORTH/WALTSI",
          "BUKHAYO EAST",
          "BUKHAYO CENTRAL"
        ]
      },
      {
        "constituency_name": "Matayos",
        "wards": [
          "BUKHAYO WEST",
          "MAYENJE",
          "MATAYOS SOUTHBUSIBWABO",
          "BURUMBA"
        ]
      },
      {
        "constituency_name": "Butula",
        "wards": [
          "MARACHI WESTKINGANDOLE",
          "MARACHI CENTRAL",
          "MARACHI EAST",
          "MARACHI NORTH",
          "ELUGULU"
        ]
      },
      {
        "constituency_name": "Funyula",
        "wards": [
          "NAMBOBOTO NAMBUKU",
          "NANGINA",
          "AGENG'A NANGUBA",
          "BWIRI"
        ]
      }
    ]
  },
  {
    "county_code": 41,
    "county_name": "Siaya",
    "constituencies": [
      {
        "constituency_name": "Alego Usonga",
        "wards": [
          "Usonga",
          "West Alego",
          "Central Alego",
          "Siaya Township",
          "North Alego",
          "South East Alego"
        ]
      },
      {
        "constituency_name": "Gem",
        "wards": [
          "North Gem",
          "West Gem",
          "Central Gem",
          "Yala Township",
          "East Gem",
          "South Gem"
        ]
      },
      {
        "constituency_name": "Bondo",
        "wards": [
          "West Yimbo",
          "Central Sakwa",
          "South Sakwa",
          "Yimbo East",
          "West Sakwa",
          "North Sakwa"
        ]
      },
      {
        "constituency_name": "Rarieda",
        "wards": [
          "Gem Rae",
          "East Asembo",
          "West Asembo",
          "Central Asembo",
          "South West Asembo",
          "North West Asembo",
          "North East Asembo",
          "South East Asembo",
          "Nyang'oma Kogelo",
          "West Uyoma",
          "Central Uyoma",
          "North Uyoma"
        ]
      },
      {
        "constituency_name": "Ugenya",
        "wards": [
          "East Asembo",
          "West Asembo",
          "North Uyoma",
          "South Uyoma",
          "West Uyoma"
        ]
      },
      {
        "constituency_name": "Ugunja",
        "wards": [
          "Sidindi",
          "Sigomere",
          "Ugunja"
        ]
      }
    ]
  },
  {
    "county_code": 42,
    "county_name": "Kisumu",
    "constituencies": [
      {
        "constituency_name": "Kisumu Central",
        "wards": [
          "Railways",
          "Migosi",
          "Shaurimoyo Kaloleni",
          "Market Milimani",
          "Kondele",
          "Nyalenda B"
        ]
      },
      {
        "constituency_name": "Kisumu East",
        "wards": [
          "Kajulu",
          "Kolwa East",
          "Manyatta 'B'",
          "Nyalenda 'A'",
          "Kolwa Central"
        ]
      },
      {
        "constituency_name": "Kisumu West",
        "wards": [
          "South West Kisumu",
          "Cetral Kisumu",
          "Kisumu North",
          "West Kisumu",
          "North West Kisumu"
        ]
      },
      {
        "constituency_name": "Seme",
        "wards": [
          "West Seme",
          "Central Seme",
          "East Seme",
          "North Seme"
        ]
      },
      {
        "constituency_name": "Nyando",
        "wards": [
          "East Kano/Waidhi",
          "Awasi/Onjiko",
          "Ahero",
          "Kabonyo/Kanyag Wal",
          "Kobura"
        ]
      },
      {
        "constituency_name": "Muhoroni",
        "wards": [
          "Miwani",
          "Ombeyi",
          "Masogo/Nyag’oma",
          "Chemeli/Muhoroni/Koru"
        ]
      },
      {
        "constituency_name": "Nyakach",
        "wards": [
          "South East Nyakach",
          "West Nyakach",
          "North Nyakach",
          "Central Nyakach",
          "South West Nyakach"
        ]
      }
    ]
  },
  {
    "county_code": 43,
    "county_name": "Homa Bay",
    "constituencies": [
      {
        "constituency_name": "Homa Bay Town",
        "wards": [
          "Homa Bay Central",
          "Homa Bay Arujo",
          "Homa Bay West",
          "Homa Bay East"
        ]
      },
      {
        "constituency_name": "Kabondo Kasipul",
        "wards": [
          "Kabondo East",
          "Kabondo West",
          "Kokwanyo",
          "Kakelo-Kojwach"
        ]
      },
      {
        "constituency_name": "Karachuonyo",
        "wards": [
          "West Karachuonyo",
          "North Karachuonyo",
          "Central Kanyaluo",
          "Kibiri",
          "Wangchieng",
          "Kendu Bay Town"
        ]
      },
      {
        "constituency_name": "Kasipul",
        "wards": [
          "West Kasipul",
          "South Kasipul",
          "Central Kasipul",
          "East Kamagak",
          "West Kamagak"
        ]
      },
      {
        "constituency_name": "Ndhiwa",
        "wards": [
          "Kwabwai",
          "Kanyadoto",
          "Kanyikela",
          "Kabuoch North",
          "Kabuoch South/Pala",
          "Kanyamwa Kologi",
          "Kanyamwa Kosewe"
        ]
      },
      {
        "constituency_name": "Rangwe",
        "wards": [
          "West Gem",
          "East Gem",
          "Kagan",
          "Kochia"
        ]
      },
      {
        "constituency_name": "Suba North",
        "wards": [
          "Mfangano Island",
          "Rusinga Island",
          "Kasgunga",
          "Gember",
          "Lambwe"
        ]
      },
      {
        "constituency_name": "Suba South",
        "wards": [
          "Gwassi South",
          "Gwassi North",
          "Kaksingri West",
          "Ruma-Kakshingri"
        ]
      }
    ]
  },
  {
    "county_code": 44,
    "county_name": "Migori",
    "constituencies": [
      {
        "constituency_name": "Rongo",
        "wards": [
          "North Kamagambo",
          "Central Kamagambo",
          "East Kamagambo",
          "South Kamagambo"
        ]
      },
      {
        "constituency_name": "Awendo",
        "wards": [
          "North East Sakwa",
          "South Sakwa",
          "West Sakwa",
          "Central Sakwa"
        ]
      },
      {
        "constituency_name": "Suna East",
        "wards": [
          "God Jope",
          "Suna Central",
          "Kakrao",
          "Kwa"
        ]
      },
      {
        "constituency_name": "Suna West",
        "wards": [
          "Wiga",
          "Wasweta II",
          "Ragan-Oruba",
          "Wasimbete"
        ]
      },
      {
        "constituency_name": "Uriri",
        "wards": [
          "West Kanyamkago",
          "North Kanyamkago",
          "Central Kanyam Kago",
          "South Kanyamkago",
          "East Kanyamkago"
        ]
      },
      {
        "constituency_name": "Nyatike",
        "wards": [
          "Kachien’g",
          "Kanyasa",
          "North Kadem",
          "Macalder/ Kanyarwanda",
          "Kaler",
          "Got Kachola",
          "Muhuru"
        ]
      },
      {
        "constituency_name": "Kuria East",
        "wards": [
          "Gokeharaka/Getamwega",
          "Ntimaru West",
          "Ntimaru East",
          "Nyabasi East",
          "Nyabasi West"
        ]
      },
      {
        "constituency_name": "Kuria West",
        "wards": [
          "Bukira East",
          "Bukira Central/ Ikerege",
          "Isibania",
          "Makerero",
          "Masaba",
          "Tagare",
          "Nyamosense/Ko Mosoko"
        ]
      }
    ]
  },
  {
    "county_code": 45,
    "county_name": "Kisii",
    "constituencies": [
      {
        "constituency_name": "Kitutu Chache North",
        "wards": [
          "MONYERERO",
          "SENSI",
          "MARANI",
          "MWAMONARI"
        ]
      },
      {
        "constituency_name": "Kitutu Chache South",
        "wards": [
          "BOGUSERO",
          "BOGEKA",
          "NYAKOE",
          "KITUTU CENTRAL",
          "NYATIEKO"
        ]
      },
      {
        "constituency_name": "Nyaribari Masaba",
        "wards": [
          "ICHUNI",
          "NYAMASIBI",
          "MASIMBA",
          "GESUSU",
          "KIAMOKAMA"
        ]
      },
      {
        "constituency_name": "Nyaribari Chache",
        "wards": [
          "BOBARACHO",
          "KISII CENTRAL",
          "KEUMBU",
          "KIOGORO",
          "BIRONGO",
          "IBENO"
        ]
      },
      {
        "constituency_name": "Bomachoge Borabu",
        "wards": [
          "BORABU MASABA",
          "BOOCHI BORABU",
          "BOKIMONGE",
          "MAGENCHE"
        ]
      },
      {
        "constituency_name": "Bomachoge Chache",
        "wards": [
          "MAJOGE BASI",
          "BOOCHI/TENDERE",
          "BOSOTI/SENGERA"
        ]
      },
      {
        "constituency_name": "Bobasi",
        "wards": [
          "MASIGE WEST",
          "MASIG EAST",
          "BASI CENTRAL",
          "NYACHEKI",
          "BASSI BOGETAORIO",
          "BOBASI CHACHE",
          "SAMETA/ MOKWERERO",
          "BOBASI/ BOITANGARE"
        ]
      },
      {
        "constituency_name": "South Mugirango",
        "wards": [
          "BOGETENGA",
          "BORABU/CHITAGO",
          "MOTICHO",
          "GETENGA",
          "TABAKA",
          "BOIKANGA"
        ]
      },
      {
        "constituency_name": "Bonchari",
        "wards": [
          "BOMARIBA",
          "BOGIAKUMU",
          "BOKEIRA",
          "RIANA"
        ]
      }
    ]
  },
  {
    "county_code": 46,
    "county_name": "Nyamira",
    "constituencies": [
      {
        "constituency_name": "Borabu",
        "wards": [
          "Mekenene",
          "Kiabonyoru",
          "Esise",
          "Nyansiongo"
        ]
      },
      {
        "constituency_name": "Kitutu Masaba",
        "wards": [
          "Rigoma",
          "Gachuba",
          "Kemera",
          "Magombo",
          "Manga",
          "Gesima"
        ]
      },
      {
        "constituency_name": "West Mugirango",
        "wards": [
          "Nyamaiya",
          "Bogichora",
          "Bosamaro",
          "Bonyamatuta",
          "Township"
        ]
      },
      {
        "constituency_name": "North Mugirango",
        "wards": [
          "Itibo",
          "Bomwagamo",
          "Bokeira",
          "Magwagwa",
          "Ekerenyo"
        ]
      }
    ]
  },
  {
    "county_code": 47,
    "county_name": "Nairobi",
    "constituencies": [
      {
        "constituency_name": "Westlands",
        "wards": [
          "Kitisuru",
          "Parklands/Highridge",
          "Karura",
          "Kangemi",
          "Mountain View"
        ]
      },
      {
        "constituency_name": "Dagoretti North",
        "wards": [
          "Kilimani",
          "Kawangware",
          "Gatina",
          "Kileleshwa",
          "Kabiro"
        ]
      },
      {
        "constituency_name": "Dagoretti South",
        "wards": [
          "Mutu-Ini",
          "Ngando",
          "Riruta",
          "Uthiru/Ruthimitu",
          "Waithaka"
        ]
      },
      {
        "constituency_name": "Lang'ata",
        "wards": [
          "Karen",
          "Nairobi West",
          "Mugumu-Ini",
          "South C",
          "Nyayo Highrise"
        ]
      },
      {
        "constituency_name": "Kibra",
        "wards": [
          "Woodley/Kenyatta Golf Course",
          "Sarang'ombe",
          "Makina",
          "Lindi",
          "Laini Saba"
        ]
      },
      {
        "constituency_name": "Roysambu",
        "wards": [
          "Kahawa West",
          "Roysambu",
          "Githurai",
          "Kahawa",
          "Zimmerman"
        ]
      },
      {
        "constituency_name": "Kasarani",
        "wards": [
          "Kasarani",
          "Njiru",
          "Clay City",
          "Mwiki",
          "Ruai"
        ]
      },
      {
        "constituency_name": "Ruaraka",
        "wards": [
          "Utalii",
          "Korogocho",
          "Lucky Summer",
          "Mathare North",
          "Baba Dogo"
        ]
      },
      {
        "constituency_name": "Embakasi South",
        "wards": [
          "Kwa Njenga",
          "Imara Daima",
          "Kware",
          "Kwa Reuben",
          "Pipeline"
        ]
      },
      {
        "constituency_name": "Embakasi North",
        "wards": [
          "Dandora Area I",
          "Dandora Area II",
          "Dandora Area III",
          "Dandora Area IV",
          "Kariobangi North"
        ]
      },
      {
        "constituency_name": "Embakasi Central",
        "wards": [
          "Kayole North",
          "Kayole Central",
          "Kariobangi South",
          "Komarock",
          "Matopeni / Spring Valley"
        ]
      },
      {
        "constituency_name": "Embakasi East",
        "wards": [
          "Utawala",
          "Upper Savanna",
          "Lower Savanna",
          "Embakasi",
          "Mihango"
        ]
      },
      {
        "constituency_name": "Embakasi West",
        "wards": [
          "Umoja 1",
          "Umoja 2",
          "Mowlem ",
          "Kariobangi south",
          "Maringo/ Hamza"
        ]
      },
      {
        "constituency_name": "Makadara",
        "wards": [
          "Viwandani",
          "Harambee",
          "Makongeni",
          "Pumwani",
          "Eastleigh North"
        ]
      },
      {
        "constituency_name": "Kamukunji",
        "wards": [
          "Eastleigh South",
          "Nairobi Central",
          "Airbase",
          "California",
          "Mgara"
        ]
      },
      {
        "constituency_name": "Starehe",
        "wards": [
          "Nairobi South",
          "Hospital",
          "Ngara",
          "Pangani",
          "Landimawe",
          "Ziwani / Kariokor"
        ]
      },
      {
        "constituency_name": "Mathare",
        "wards": [
          "Mlango Kubwa",
          "Kiamaiko",
          "Ngei",
          "Huruma",
          "Mabatini"
        ]
      }
    ]
  }
]